airline,date_of_journey,source,destination,dep_time,arrival_time,duration,total_stops,additional_info,price
Indigo,2019-04-18,Kolkata,Banglore,20:20:00,22:55:00,155,0.0,No Info,4174
Jet Airways,2019-03-24,Kolkata,Banglore,13:55:00,09:15:00,1160,1.0,In-flight meal not included,11134
Air India,2019-04-24,Banglore,Delhi,10:00:00,12:45:00,165,0.0,No Info,6121
Air India,2019-06-27,Delhi,Cochin,17:20:00,09:25:00,965,1.0,No Info,7480
Multiple Carriers,2019-06-12,Delhi,Cochin,19:00:00,01:30:00,390,1.0,No Info,6795
Air India,2019-03-03,Banglore,New Delhi,08:15:00,08:50:00,1475,1.0,No Info,6781
Jet Airways,2019-05-09,Delhi,Cochin,11:30:00,19:00:00,450,1.0,No Info,15554
Jet Airways,2019-05-24,Kolkata,Banglore,21:10:00,12:00:00,890,1.0,In-flight meal not included,9663
Multiple Carriers,2019-06-01,Delhi,Cochin,09:00:00,19:00:00,600,1.0,No Info,12717
Jet Airways,2019-03-03,Delhi,Cochin,11:30:00,04:25:00,1015,1.0,No Info,19828
Indigo,2019-06-15,Delhi,Cochin,21:50:00,03:35:00,345,1.0,No Info,6195
Jet Airways,2019-03-09,Delhi,Cochin,08:20:00,04:25:00,1205,2.0,No Info,18909
Vistara,2019-06-12,Banglore,Delhi,11:30:00,14:20:00,170,0.0,No Info,4668
Jet Airways,2019-03-06,Delhi,Cochin,05:25:00,19:45:00,2300,2.0,In-flight meal not included,16389
Air India,2019-06-09,Delhi,Cochin,20:40:00,09:25:00,765,1.0,No Info,7690
Jet Airways,2019-06-01,Delhi,Cochin,09:40:00,04:25:00,1125,2.0,In-flight meal not included,10368
Spicejet,2019-05-09,Kolkata,Banglore,08:35:00,17:15:00,520,1.0,No Info,6171
Indigo,2019-04-24,Banglore,Delhi,16:55:00,19:55:00,180,0.0,No Info,4823
Indigo,2019-06-03,Mumbai,Hyderabad,01:40:00,03:10:00,90,0.0,No Info,2754
Spicejet,2019-04-21,Delhi,Cochin,08:45:00,13:15:00,270,1.0,No check-in baggage included,6356
Indigo,2019-04-01,Kolkata,Banglore,18:05:00,23:30:00,325,1.0,No Info,6284
Air Asia,2019-06-27,Kolkata,Banglore,19:55:00,22:25:00,150,0.0,No Info,3807
Air India,2019-04-21,Delhi,Cochin,05:10:00,08:00:00,170,0.0,No Info,6094
Jet Airways,2019-06-01,Delhi,Cochin,02:15:00,04:25:00,1570,1.0,In-flight meal not included,10262
Spicejet,2019-05-03,Chennai,Kolkata,08:20:00,10:35:00,135,0.0,No Info,3597
Indigo,2019-05-06,Delhi,Cochin,18:35:00,01:30:00,415,1.0,No Info,7191
Vistara,2019-04-27,Delhi,Cochin,14:40:00,17:50:00,190,0.0,No Info,6216
Jet Airways,2019-03-12,Banglore,New Delhi,08:55:00,23:00:00,845,1.0,No Info,13817
Jet Airways,2019-03-24,Kolkata,Banglore,21:10:00,16:20:00,1150,1.0,No Info,13759
Indigo,2019-03-18,Delhi,Cochin,21:05:00,00:20:00,195,0.0,No Info,5021
Indigo,2019-05-09,Delhi,Cochin,17:05:00,22:25:00,320,1.0,No Info,6027
Multiple Carriers,2019-06-06,Delhi,Cochin,13:00:00,01:30:00,750,1.0,No Info,7198
Air India,2019-04-24,Delhi,Cochin,14:10:00,17:10:00,180,0.0,No Info,6094
Jet Airways,2019-06-27,Mumbai,Hyderabad,10:20:00,11:50:00,90,0.0,In-flight meal not included,4995
Multiple Carriers,2019-03-01,Delhi,Cochin,12:50:00,19:15:00,385,1.0,No Info,36983
Jet Airways,2019-05-27,Delhi,Cochin,07:05:00,12:35:00,330,1.0,No Info,16289
Jet Airways,2019-06-27,Delhi,Cochin,09:00:00,12:35:00,1655,1.0,In-flight meal not included,10262
Jet Airways,2019-05-09,Delhi,Cochin,22:50:00,19:00:00,1210,1.0,In-flight meal not included,12373
Jet Airways,2019-03-21,Banglore,New Delhi,08:00:00,23:00:00,900,1.0,In-flight meal not included,7832
Indigo,2019-03-06,Delhi,Cochin,07:35:00,22:20:00,885,1.0,No Info,7094
Jet Airways,2019-06-27,Delhi,Cochin,18:20:00,12:35:00,1095,2.0,No Info,14300
Jet Airways,2019-05-01,Kolkata,Banglore,20:25:00,23:35:00,1630,1.0,No Info,11467
Indigo,2019-03-21,Banglore,New Delhi,13:40:00,18:35:00,295,1.0,No Info,7166
Indigo,2019-06-01,Delhi,Cochin,06:50:00,22:30:00,940,1.0,No Info,6442
Spicejet,2019-05-18,Chennai,Kolkata,17:45:00,20:05:00,140,0.0,No Info,3597
Air India,2019-06-06,Delhi,Cochin,09:45:00,23:00:00,795,1.0,No Info,8907
Air India,2019-05-15,Delhi,Cochin,05:55:00,07:40:00,1545,2.0,No Info,11543
Air India,2019-05-24,Mumbai,Hyderabad,13:55:00,15:25:00,90,0.0,No Info,3100
Air India,2019-03-03,Delhi,Cochin,17:15:00,19:15:00,1560,2.0,No Info,13442
Air India,2019-05-09,Kolkata,Banglore,09:25:00,13:45:00,1700,2.0,No Info,11542
Air Asia,2019-05-01,Kolkata,Banglore,10:20:00,12:55:00,155,0.0,No Info,4409
Jet Airways,2019-06-12,Kolkata,Banglore,16:30:00,12:00:00,1170,1.0,In-flight meal not included,8529
Indigo,2019-06-01,Delhi,Cochin,17:10:00,01:30:00,500,1.0,No Info,6628
Jet Airways,2019-04-03,Banglore,Delhi,11:10:00,14:05:00,175,0.0,In-flight meal not included,4544
Air India,2019-04-18,Banglore,Delhi,06:10:00,08:55:00,165,0.0,No Info,5228
Spicejet,2019-04-12,Banglore,Delhi,21:10:00,00:05:00,175,0.0,No Info,5621
Jet Airways,2019-06-03,Delhi,Cochin,20:55:00,19:00:00,1325,1.0,In-flight meal not included,10262
Indigo,2019-04-09,Kolkata,Banglore,15:15:00,20:05:00,290,1.0,No Info,4268
Multiple Carriers,2019-03-27,Delhi,Cochin,04:45:00,19:15:00,870,1.0,No Info,7574
Spicejet,2019-04-24,Banglore,Delhi,05:55:00,08:35:00,160,0.0,No check-in baggage included,3919
Jet Airways,2019-06-27,Delhi,Cochin,09:40:00,19:00:00,560,2.0,In-flight meal not included,10368
Indigo,2019-06-01,Delhi,Cochin,11:25:00,21:00:00,575,1.0,No Info,6416
Spicejet,2019-04-15,Kolkata,Banglore,22:20:00,00:40:00,140,0.0,No Info,3873
Spicejet,2019-05-27,Banglore,Delhi,21:10:00,00:05:00,175,0.0,No check-in baggage included,3257
Indigo,2019-06-24,Delhi,Cochin,07:30:00,21:00:00,810,1.0,No Info,6093
Vistara,2019-03-06,Mumbai,Hyderabad,15:40:00,09:25:00,1065,1.0,No Info,12395
Jet Airways,2019-05-06,Delhi,Cochin,22:50:00,04:25:00,335,1.0,No Info,15554
Jet Airways,2019-05-24,Kolkata,Banglore,09:35:00,14:25:00,1730,1.0,In-flight meal not included,10703
Air India,2019-04-21,Banglore,Delhi,13:20:00,16:10:00,170,0.0,No Info,6121
Air India,2019-03-06,Mumbai,Hyderabad,21:10:00,16:55:00,255,2.0,No Info,17327
Jet Airways,2019-03-27,Delhi,Cochin,19:10:00,04:25:00,1995,2.0,No Info,10929
Jet Airways,2019-05-21,Kolkata,Banglore,20:00:00,19:50:00,1430,1.0,In-flight meal not included,10844
Jet Airways,2019-03-12,Banglore,New Delhi,18:55:00,16:10:00,1275,1.0,In-flight meal not included,11087
Jet Airways,2019-06-12,Kolkata,Banglore,14:05:00,19:50:00,345,1.0,In-flight meal not included,9899
Jet Airways,2019-05-06,Kolkata,Banglore,06:30:00,12:00:00,330,1.0,No Info,14388
Jet Airways,2019-05-18,Banglore,Delhi,07:10:00,10:10:00,180,0.0,In-flight meal not included,5198
Indigo,2019-03-15,Chennai,Kolkata,07:55:00,10:15:00,140,0.0,No Info,6297
Indigo,2019-06-06,Delhi,Cochin,06:50:00,22:30:00,940,1.0,No Info,6674
Jet Airways,2019-04-15,Banglore,Delhi,18:55:00,22:00:00,185,0.0,In-flight meal not included,4544
Goair,2019-05-06,Kolkata,Banglore,16:40:00,00:15:00,455,1.0,No Info,7102
Jet Airways,2019-06-12,Banglore,Delhi,11:10:00,14:05:00,175,0.0,In-flight meal not included,5769
Indigo,2019-06-03,Chennai,Kolkata,13:15:00,15:35:00,140,0.0,No Info,3597
Jet Airways,2019-06-12,Kolkata,Banglore,14:05:00,23:35:00,570,1.0,No Info,13626
Jet Airways,2019-05-12,Kolkata,Banglore,20:00:00,08:15:00,735,1.0,No Info,13941
Air India,2019-05-12,Mumbai,Hyderabad,15:00:00,16:25:00,85,0.0,No Info,3100
Indigo,2019-03-03,Delhi,Cochin,09:10:00,21:00:00,710,1.0,No Info,14871
Air India,2019-03-09,Banglore,New Delhi,06:50:00,08:50:00,1560,1.0,No Info,5626
Jet Airways,2019-05-15,Kolkata,Banglore,06:30:00,18:15:00,705,1.0,In-flight meal not included,10844
Jet Airways,2019-05-18,Delhi,Cochin,14:35:00,04:25:00,830,2.0,In-flight meal not included,13848
Jet Airways,2019-05-01,Kolkata,Banglore,14:05:00,04:40:00,875,1.0,No Info,13941
Multiple Carriers,2019-03-27,Delhi,Cochin,08:25:00,19:15:00,650,1.0,No Info,8601
Multiple Carriers,2019-06-27,Delhi,Cochin,12:50:00,19:15:00,385,1.0,In-flight meal not included,7268
Air Asia,2019-05-18,Kolkata,Banglore,10:20:00,12:55:00,155,0.0,No Info,5645
Jet Airways,2019-03-21,Delhi,Cochin,18:15:00,04:25:00,610,1.0,In-flight meal not included,5963
Jet Airways,2019-05-21,Delhi,Cochin,19:45:00,12:35:00,1010,1.0,In-flight meal not included,12898
Indigo,2019-05-01,Kolkata,Banglore,07:10:00,12:40:00,330,1.0,No Info,6111
Jet Airways,2019-06-06,Delhi,Cochin,14:00:00,04:25:00,865,1.0,In-flight meal not included,10262
Jet Airways,2019-03-06,Banglore,New Delhi,21:25:00,11:25:00,840,1.0,No Info,17261
Jet Airways,2019-05-18,Kolkata,Banglore,09:35:00,22:05:00,750,1.0,In-flight meal not included,12384
Vistara,2019-04-18,Banglore,Delhi,17:00:00,19:35:00,155,0.0,No Info,5613
Air Asia,2019-06-18,Kolkata,Banglore,09:45:00,12:15:00,150,0.0,No Info,3807
Jet Airways,2019-03-21,Mumbai,Hyderabad,19:35:00,21:05:00,90,0.0,In-flight meal not included,2228
Jet Airways,2019-06-09,Kolkata,Banglore,21:10:00,20:45:00,1415,1.0,In-flight meal not included,10844
Jet Airways,2019-03-24,Mumbai,Hyderabad,19:35:00,21:05:00,90,0.0,No Info,5678
Spicejet,2019-03-09,Banglore,New Delhi,05:45:00,08:35:00,170,0.0,No Info,7110
Jet Airways,2019-04-01,Kolkata,Banglore,18:55:00,20:45:00,1550,1.0,In-flight meal not included,7064
Jet Airways,2019-05-24,Kolkata,Banglore,20:00:00,20:45:00,1485,1.0,In-flight meal not included,10844
Indigo,2019-05-27,Delhi,Cochin,15:00:00,01:30:00,630,1.0,No Info,6628
Jet Airways,2019-04-21,Banglore,Delhi,19:50:00,22:50:00,180,0.0,In-flight meal not included,4544
Air India,2019-03-03,Delhi,Cochin,05:15:00,06:50:00,1535,1.0,No Info,12677
Jet Airways,2019-03-06,Mumbai,Hyderabad,17:00:00,16:50:00,1430,1.0,No Info,19595
Vistara,2019-03-18,Banglore,New Delhi,16:00:00,18:35:00,155,0.0,No Info,11913
Air India,2019-06-21,Delhi,Cochin,14:10:00,17:10:00,180,0.0,No Info,5201
Indigo,2019-06-09,Delhi,Cochin,06:40:00,21:00:00,860,1.0,No Info,6093
Jet Airways,2019-03-06,Banglore,New Delhi,14:05:00,19:10:00,305,1.0,No Info,19225
Jet Airways,2019-06-03,Delhi,Cochin,13:00:00,19:00:00,360,1.0,No Info,14714
Multiple Carriers,2019-06-09,Delhi,Cochin,17:00:00,01:30:00,510,1.0,No Info,7408
Spicejet,2019-03-09,Mumbai,Hyderabad,08:50:00,10:15:00,85,0.0,No Info,5755
Air India,2019-03-27,Delhi,Cochin,05:55:00,19:15:00,2240,2.0,No Info,8446
Jet Airways,2019-05-09,Delhi,Cochin,13:00:00,12:35:00,1415,1.0,In-flight meal not included,12373
Multiple Carriers,2019-06-03,Delhi,Cochin,10:00:00,21:00:00,660,1.0,No Info,13587
Multiple Carriers,2019-05-18,Delhi,Cochin,06:00:00,21:00:00,900,1.0,No Info,7670
Indigo,2019-03-18,Chennai,Kolkata,22:05:00,00:25:00,140,0.0,No Info,5277
Vistara,2019-05-06,Kolkata,Banglore,07:10:00,09:05:00,1555,1.0,No Info,8137
Vistara,2019-06-21,Chennai,Kolkata,17:45:00,20:05:00,140,0.0,No Info,11982
Jet Airways,2019-06-27,Delhi,Cochin,23:05:00,19:00:00,1195,2.0,No Info,12819
Indigo,2019-03-21,Delhi,Cochin,08:35:00,16:10:00,455,1.0,No Info,6790
Indigo,2019-04-12,Banglore,Delhi,20:00:00,22:50:00,170,0.0,No Info,4990
Jet Airways,2019-05-27,Delhi,Cochin,10:00:00,19:00:00,540,1.0,No Info,16079
Jet Airways,2019-05-09,Kolkata,Banglore,06:30:00,04:40:00,1330,1.0,In-flight meal not included,8586
Jet Airways,2019-06-21,Mumbai,Hyderabad,10:20:00,11:50:00,90,0.0,No Info,8040
Multiple Carriers,2019-06-06,Delhi,Cochin,17:45:00,01:30:00,465,1.0,No Info,6795
Indigo,2019-05-09,Banglore,Delhi,08:30:00,11:20:00,170,0.0,No Info,4823
Spicejet,2019-06-27,Kolkata,Banglore,09:00:00,11:25:00,145,0.0,No Info,3873
Spicejet,2019-06-18,Kolkata,Banglore,09:00:00,11:25:00,145,0.0,No check-in baggage included,3841
Spicejet,2019-06-12,Kolkata,Banglore,09:00:00,11:25:00,145,0.0,No Info,3873
Spicejet,2019-06-24,Chennai,Kolkata,17:45:00,20:05:00,140,0.0,No Info,3597
Indigo,2019-03-27,Delhi,Cochin,05:05:00,10:05:00,300,1.0,No Info,6827
Air India,2019-05-18,Delhi,Cochin,09:45:00,09:25:00,1420,1.0,No Info,8372
Air India,2019-05-09,Kolkata,Banglore,16:50:00,07:55:00,905,1.0,No Info,8366
Spicejet,2019-03-21,Delhi,Cochin,06:10:00,11:20:00,310,1.0,No Info,6065
Jet Airways,2019-05-18,Delhi,Cochin,09:00:00,12:35:00,1655,1.0,In-flight meal not included,12373
Multiple Carriers,2019-05-18,Delhi,Cochin,11:40:00,01:30:00,830,1.0,No Info,8405
Multiple Carriers,2019-05-15,Delhi,Cochin,08:00:00,19:15:00,675,1.0,No Info,14533
Jet Airways,2019-06-06,Delhi,Cochin,14:00:00,19:00:00,300,1.0,In-flight meal not included,10262
Multiple Carriers,2019-03-09,Delhi,Cochin,06:50:00,21:00:00,850,1.0,In-flight meal not included,14086
Multiple Carriers,2019-06-03,Delhi,Cochin,07:30:00,19:00:00,690,1.0,No Info,10877
Air India,2019-05-21,Delhi,Cochin,05:55:00,19:15:00,2240,2.0,No Info,10493
Air India,2019-06-12,Kolkata,Banglore,05:50:00,20:25:00,875,2.0,No Info,12723
Indigo,2019-05-18,Delhi,Cochin,08:35:00,22:30:00,835,1.0,No Info,7144
Indigo,2019-05-27,Delhi,Cochin,02:00:00,07:25:00,325,1.0,No Info,7164
Jet Airways,2019-04-06,Banglore,Delhi,07:10:00,10:10:00,180,0.0,In-flight meal not included,4544
Vistara,2019-05-21,Kolkata,Banglore,20:20:00,09:05:00,765,1.0,No Info,8452
Spicejet,2019-05-27,Chennai,Kolkata,08:20:00,10:35:00,135,0.0,No Info,3597
Air India,2019-03-27,Delhi,Cochin,21:00:00,19:15:00,1335,1.0,No Info,6692
Jet Airways,2019-03-09,Delhi,Cochin,19:15:00,18:50:00,1415,1.0,No Info,16289
Air India,2019-06-15,Banglore,Delhi,21:05:00,23:55:00,170,0.0,No Info,5228
Air India,2019-04-09,Delhi,Cochin,12:55:00,19:15:00,1820,2.0,No Info,9968
Vistara,2019-05-15,Kolkata,Banglore,20:20:00,20:20:00,1440,1.0,No Info,8610
Spicejet,2019-06-18,Chennai,Kolkata,17:45:00,20:05:00,140,0.0,No check-in baggage included,3543
Jet Airways,2019-05-15,Delhi,Cochin,02:15:00,12:35:00,620,1.0,In-flight meal not included,12373
Multiple Carriers,2019-06-12,Delhi,Cochin,08:45:00,19:00:00,615,1.0,No Info,11789
Vistara,2019-06-12,Kolkata,Banglore,17:00:00,20:20:00,1640,1.0,No Info,8085
Indigo,2019-04-27,Kolkata,Banglore,20:20:00,22:55:00,155,0.0,No Info,4804
Jet Airways,2019-05-06,Kolkata,Banglore,20:25:00,15:05:00,1120,1.0,No Info,13067
Jet Airways,2019-06-06,Delhi,Cochin,05:30:00,19:00:00,810,2.0,No Info,13292
Indigo,2019-05-12,Kolkata,Banglore,20:20:00,22:55:00,155,0.0,No Info,4804
Multiple Carriers,2019-05-09,Delhi,Cochin,09:00:00,19:15:00,615,1.0,No Info,14323
Indigo,2019-05-15,Chennai,Kolkata,07:55:00,10:15:00,140,0.0,No Info,3850
Jet Airways,2019-06-21,Banglore,Delhi,19:50:00,22:50:00,180,0.0,In-flight meal not included,7754
Jet Airways,2019-03-18,Banglore,New Delhi,07:00:00,07:40:00,1480,1.0,No Info,11455
Indigo,2019-03-15,Chennai,Kolkata,13:20:00,15:35:00,135,0.0,No Info,6297
Air India,2019-06-15,Kolkata,Banglore,20:45:00,23:20:00,155,0.0,No Info,4145
Multiple Carriers,2019-06-15,Delhi,Cochin,10:35:00,19:00:00,505,1.0,No Info,10877
Air Asia,2019-05-27,Delhi,Cochin,16:45:00,22:25:00,340,1.0,No Info,6752
Jet Airways,2019-03-09,Delhi,Cochin,05:40:00,04:25:00,1365,2.0,No Info,14861
Air India,2019-05-12,Kolkata,Banglore,12:00:00,07:55:00,1195,2.0,No Info,10676
Air India,2019-06-03,Delhi,Cochin,03:50:00,19:15:00,925,1.0,No Info,8669
Air India,2019-05-21,Delhi,Cochin,18:05:00,21:10:00,185,0.0,No Info,6094
Jet Airways,2019-03-15,Banglore,New Delhi,07:00:00,15:15:00,495,1.0,In-flight meal not included,9134
Air India,2019-05-24,Kolkata,Banglore,10:00:00,20:25:00,625,1.0,No Info,10413
Jet Airways,2019-03-27,Mumbai,Hyderabad,10:20:00,11:50:00,90,0.0,No Info,8040
Goair,2019-04-15,Delhi,Cochin,07:25:00,13:35:00,370,1.0,No Info,5052
Jet Airways,2019-05-09,Kolkata,Banglore,20:00:00,04:40:00,520,1.0,No Info,13941
Jet Airways,2019-05-01,Kolkata,Banglore,08:25:00,18:15:00,590,1.0,In-flight meal not included,10844
Goair,2019-06-12,Delhi,Cochin,10:35:00,19:35:00,540,1.0,No Info,4959
Indigo,2019-03-06,Delhi,Cochin,02:00:00,07:45:00,345,1.0,No Info,8025
Indigo,2019-06-09,Delhi,Cochin,09:15:00,01:30:00,975,1.0,No Info,6628
Jet Airways,2019-03-18,Banglore,New Delhi,21:25:00,09:00:00,695,1.0,No Info,13555
Jet Airways,2019-06-24,Delhi,Cochin,02:15:00,04:25:00,1570,1.0,In-flight meal not included,10262
Air India,2019-03-27,Delhi,Cochin,09:45:00,09:25:00,1420,1.0,No Info,5957
Multiple Carriers,2019-05-27,Delhi,Cochin,08:00:00,19:00:00,660,1.0,No Info,10407
Air Asia,2019-03-09,Delhi,Cochin,20:10:00,07:10:00,660,1.0,No Info,8327
Multiple Carriers,2019-06-27,Delhi,Cochin,06:00:00,19:00:00,780,1.0,In-flight meal not included,10791
Jet Airways,2019-03-18,Banglore,New Delhi,05:45:00,16:10:00,625,1.0,No Info,12284
Jet Airways,2019-03-21,Delhi,Cochin,08:00:00,04:25:00,1225,1.0,In-flight meal not included,6540
Air Asia,2019-05-06,Banglore,Delhi,11:10:00,13:55:00,165,0.0,No Info,3383
Indigo,2019-05-01,Banglore,Delhi,22:10:00,01:00:00,170,0.0,No Info,3943
Jet Airways,2019-06-01,Delhi,Cochin,21:25:00,12:35:00,910,2.0,No Info,13292
Jet Airways,2019-05-27,Delhi,Cochin,19:15:00,04:25:00,550,1.0,In-flight meal not included,12898
Jet Airways,2019-05-09,Kolkata,Banglore,14:05:00,19:50:00,345,1.0,No Info,14781
Air India,2019-03-15,Banglore,New Delhi,06:55:00,23:20:00,985,1.0,No Info,6987
Jet Airways,2019-06-18,Mumbai,Hyderabad,08:45:00,10:15:00,90,0.0,In-flight meal not included,4995
Jet Airways,2019-03-21,Banglore,New Delhi,05:50:00,12:20:00,390,1.0,In-flight meal not included,6163
Indigo,2019-05-09,Kolkata,Banglore,15:30:00,18:05:00,155,0.0,No Info,4804
Jet Airways,2019-06-01,Delhi,Cochin,09:40:00,04:25:00,1125,2.0,No Info,13014
Air India,2019-04-27,Delhi,Cochin,14:10:00,17:10:00,180,0.0,No Info,6094
Jet Airways,2019-05-01,Kolkata,Banglore,16:30:00,22:35:00,365,1.0,In-flight meal not included,10844
Multiple Carriers,2019-06-06,Delhi,Cochin,06:00:00,21:00:00,900,1.0,No Info,7005
Air India,2019-03-06,Mumbai,Hyderabad,13:30:00,16:55:00,205,2.0,No Info,18797
Spicejet,2019-05-24,Mumbai,Hyderabad,05:45:00,07:15:00,90,0.0,No check-in baggage included,1965
Air India,2019-06-12,Chennai,Kolkata,11:40:00,13:55:00,135,0.0,No Info,4667
Multiple Carriers,2019-06-15,Delhi,Cochin,06:00:00,21:00:00,900,1.0,No Info,7005
Jet Airways,2019-05-09,Kolkata,Banglore,18:55:00,10:05:00,910,1.0,In-flight meal not included,8586
Jet Airways,2019-03-06,Delhi,Cochin,15:05:00,04:25:00,800,1.0,No Info,15764
Indigo,2019-03-03,Kolkata,Banglore,20:25:00,23:05:00,160,0.0,No Info,6038
Air India,2019-04-09,Delhi,Cochin,22:00:00,19:15:00,1275,2.0,No Info,8341
Multiple Carriers,2019-06-15,Delhi,Cochin,10:00:00,19:15:00,555,1.0,No Info,16108
Air India,2019-04-01,Kolkata,Banglore,20:30:00,12:00:00,930,1.0,No Info,7893
Jet Airways,2019-05-06,Kolkata,Banglore,16:30:00,20:45:00,1695,1.0,In-flight meal not included,9663
Spicejet,2019-06-27,Mumbai,Hyderabad,13:15:00,14:45:00,90,0.0,No check-in baggage included,1965
Jet Airways,2019-03-06,Banglore,New Delhi,07:00:00,21:20:00,860,1.0,No Info,16736
Spicejet,2019-04-01,Delhi,Cochin,06:05:00,11:20:00,315,1.0,No Info,5351
Indigo,2019-06-09,Banglore,Delhi,21:15:00,00:15:00,180,0.0,No Info,3943
Vistara,2019-05-24,Kolkata,Banglore,20:20:00,22:40:00,1580,1.0,No Info,8452
Indigo,2019-06-18,Chennai,Kolkata,07:55:00,10:15:00,140,0.0,No Info,3850
Jet Airways,2019-06-01,Delhi,Cochin,19:30:00,04:25:00,535,2.0,In-flight meal not included,10368
Jet Airways,2019-05-09,Kolkata,Banglore,16:30:00,04:40:00,730,1.0,No Info,14781
Jet Airways,2019-06-18,Banglore,Delhi,11:10:00,14:05:00,175,0.0,No Info,8016
Indigo,2019-03-03,Kolkata,Banglore,09:35:00,12:20:00,165,0.0,No Info,6565
Jet Airways,2019-03-01,Banglore,New Delhi,22:50:00,00:45:00,1555,1.0,No Info,26890
Jet Airways,2019-03-21,Delhi,Cochin,15:00:00,04:25:00,805,1.0,In-flight meal not included,6017
Jet Airways,2019-06-27,Delhi,Cochin,07:05:00,19:00:00,715,1.0,In-flight meal not included,10262
Goair,2019-03-01,Banglore,New Delhi,11:40:00,14:35:00,175,0.0,No Info,11111
Indigo,2019-03-03,Chennai,Kolkata,05:15:00,07:35:00,140,0.0,No Info,6482
Air India,2019-06-24,Delhi,Cochin,22:00:00,19:15:00,1275,2.0,No Info,9181
Jet Airways,2019-05-27,Delhi,Cochin,11:30:00,19:00:00,450,1.0,In-flight meal not included,9732
Air India,2019-05-18,Delhi,Cochin,10:00:00,07:40:00,1300,1.0,No Info,8372
Air India,2019-03-06,Banglore,New Delhi,08:15:00,11:20:00,1625,2.0,No Info,13942
Jet Airways,2019-05-24,Banglore,Delhi,15:15:00,18:10:00,175,0.0,In-flight meal not included,4544
Indigo,2019-05-06,Kolkata,Banglore,11:30:00,14:05:00,155,0.0,No Info,5224
Multiple Carriers,2019-06-06,Delhi,Cochin,08:45:00,21:00:00,735,1.0,No Info,7740
Jet Airways,2019-05-12,Kolkata,Banglore,06:30:00,18:15:00,705,1.0,In-flight meal not included,10844
Jet Airways,2019-06-06,Delhi,Cochin,02:15:00,19:00:00,1005,1.0,In-flight meal not included,10262
Air India,2019-05-12,Kolkata,Banglore,16:45:00,12:30:00,1185,2.0,No Info,14330
Jet Airways,2019-05-06,Kolkata,Banglore,17:00:00,15:05:00,1325,1.0,No Info,13067
Jet Airways,2019-03-21,Mumbai,Hyderabad,07:10:00,08:35:00,85,0.0,In-flight meal not included,4160
Jet Airways,2019-03-06,Banglore,New Delhi,05:45:00,11:25:00,340,1.0,No Info,19225
Vistara,2019-06-09,Banglore,Delhi,19:30:00,22:15:00,165,0.0,No Info,4878
Vistara,2019-06-18,Banglore,Delhi,09:45:00,12:35:00,170,0.0,No Info,4668
Jet Airways,2019-06-24,Delhi,Cochin,21:25:00,12:35:00,910,2.0,No Info,12609
Jet Airways,2019-03-21,Banglore,New Delhi,07:00:00,15:15:00,495,1.0,In-flight meal not included,7832
Jet Airways,2019-06-09,Kolkata,Banglore,18:55:00,08:15:00,800,1.0,In-flight meal not included,11841
Air India,2019-03-24,Kolkata,Banglore,12:00:00,13:40:00,1540,1.0,No Info,7742
Jet Airways,2019-05-21,Delhi,Cochin,16:00:00,12:35:00,1235,1.0,In-flight meal not included,12898
Goair,2019-04-12,Banglore,Delhi,11:40:00,14:30:00,170,0.0,No Info,4937
Jet Airways,2019-06-18,Mumbai,Hyderabad,07:05:00,08:30:00,85,0.0,In-flight meal not included,4995
Indigo,2019-06-15,Delhi,Cochin,07:15:00,12:30:00,315,1.0,No Info,6582
Spicejet,2019-03-01,Mumbai,Hyderabad,22:45:00,00:10:00,85,0.0,No Info,11005
Jet Airways,2019-05-01,Kolkata,Banglore,20:25:00,14:25:00,1080,1.0,No Info,11467
Indigo,2019-06-12,Mumbai,Hyderabad,16:55:00,18:25:00,90,0.0,No Info,3175
Spicejet,2019-06-01,Kolkata,Banglore,14:55:00,17:25:00,150,0.0,No check-in baggage included,3841
Jet Airways,2019-05-12,Kolkata,Banglore,18:55:00,12:00:00,1025,1.0,In-flight meal not included,9663
Air India,2019-05-15,Kolkata,Banglore,09:25:00,05:25:00,1200,2.0,No Info,14687
Multiple Carriers,2019-06-15,Delhi,Cochin,17:50:00,01:30:00,460,2.0,No Info,18485
Indigo,2019-05-15,Mumbai,Hyderabad,02:35:00,04:05:00,90,0.0,No Info,2754
Indigo,2019-04-24,Kolkata,Banglore,17:15:00,19:50:00,155,0.0,No Info,4804
Air India,2019-03-18,Banglore,New Delhi,13:20:00,16:10:00,170,0.0,No Info,4441
Vistara,2019-06-06,Kolkata,Banglore,07:10:00,20:20:00,790,1.0,No Info,8610
Air India,2019-03-24,Mumbai,Hyderabad,13:55:00,15:25:00,90,0.0,No Info,2575
Air India,2019-06-12,Delhi,Cochin,10:55:00,07:40:00,1245,2.0,No Info,11753
Jet Airways,2019-06-21,Mumbai,Hyderabad,07:05:00,08:30:00,85,0.0,In-flight meal not included,4995
Indigo,2019-04-21,Banglore,Delhi,04:00:00,06:50:00,170,0.0,No Info,4423
Spicejet,2019-06-15,Mumbai,Hyderabad,13:15:00,14:45:00,90,0.0,No check-in baggage included,1965
Air India,2019-06-12,Delhi,Cochin,20:15:00,19:15:00,1380,2.0,No Info,13381
Jet Airways,2019-05-24,Kolkata,Banglore,14:05:00,09:20:00,1155,1.0,No Info,14178
Spicejet,2019-05-12,Banglore,Delhi,05:55:00,08:35:00,160,0.0,No Info,3311
Spicejet,2019-06-21,Banglore,Delhi,05:55:00,08:35:00,160,0.0,No check-in baggage included,3919
Jet Airways,2019-05-21,Kolkata,Banglore,21:10:00,12:00:00,890,1.0,In-flight meal not included,10844
Indigo,2019-04-15,Banglore,Delhi,08:30:00,11:20:00,170,0.0,No Info,4823
Jet Airways,2019-06-27,Delhi,Cochin,11:40:00,19:00:00,440,2.0,No Info,18804
Indigo,2019-03-03,Delhi,Cochin,11:55:00,22:20:00,625,1.0,No Info,11600
Jet Airways,2019-06-06,Delhi,Cochin,20:00:00,04:25:00,505,2.0,In-flight meal not included,15318
Air Asia,2019-05-09,Kolkata,Banglore,10:20:00,12:55:00,155,0.0,No Info,4409
Indigo,2019-05-24,Chennai,Kolkata,14:45:00,17:05:00,140,0.0,No Info,3858
Air India,2019-03-01,Banglore,New Delhi,00:30:00,23:55:00,1405,1.0,1 Long layover,12599
Indigo,2019-03-15,Banglore,New Delhi,08:30:00,11:30:00,180,0.0,No Info,6860
Jet Airways,2019-03-06,Delhi,Cochin,16:50:00,04:25:00,2135,2.0,No Info,19907
Indigo,2019-05-21,Delhi,Cochin,04:55:00,11:50:00,415,1.0,No Info,6794
Spicejet,2019-03-18,Banglore,New Delhi,20:30:00,23:20:00,170,0.0,No check-in baggage included,4273
Jet Airways,2019-05-06,Kolkata,Banglore,06:30:00,04:40:00,1330,1.0,No Info,13941
Jet Airways,2019-05-09,Kolkata,Banglore,21:10:00,08:15:00,665,1.0,No Info,14388
Indigo,2019-05-09,Kolkata,Banglore,11:30:00,14:05:00,155,0.0,No Info,5224
Indigo,2019-04-21,Delhi,Cochin,05:10:00,10:05:00,295,1.0,No Info,7074
Air India,2019-05-09,Delhi,Cochin,13:15:00,09:25:00,1210,2.0,No Info,9417
Jet Airways,2019-03-24,Kolkata,Banglore,19:45:00,04:45:00,540,1.0,No Info,13759
Vistara,2019-03-06,Mumbai,Hyderabad,08:45:00,09:25:00,1480,1.0,No Info,12395
Jet Airways,2019-06-12,Delhi,Cochin,09:40:00,19:00:00,560,2.0,No Info,13014
Air India,2019-06-09,Delhi,Cochin,05:55:00,07:40:00,1545,2.0,No Info,10493
Air India,2019-03-01,Banglore,New Delhi,11:05:00,22:10:00,665,2.0,Change airports,13576
Vistara,2019-06-09,Kolkata,Banglore,07:10:00,23:25:00,975,1.0,No Info,9345
Air India,2019-06-15,Delhi,Cochin,17:40:00,23:00:00,320,1.0,No Info,7384
Jet Airways,2019-03-27,Delhi,Cochin,05:25:00,19:45:00,2300,2.0,No Info,11664
Jet Airways,2019-05-01,Kolkata,Banglore,09:35:00,21:05:00,690,1.0,In-flight meal not included,12384
Jet Airways,2019-05-09,Delhi,Cochin,13:00:00,19:00:00,360,1.0,In-flight meal not included,12373
Jet Airways,2019-05-27,Delhi,Cochin,07:05:00,19:00:00,715,1.0,In-flight meal not included,12898
Spicejet,2019-04-12,Kolkata,Banglore,09:00:00,11:25:00,145,0.0,No Info,3873
Multiple Carriers,2019-03-21,Delhi,Cochin,07:00:00,18:50:00,710,1.0,No Info,12402
Vistara,2019-06-18,Chennai,Kolkata,17:45:00,20:05:00,140,0.0,No Info,11982
Spicejet,2019-05-21,Kolkata,Banglore,22:20:00,00:40:00,140,0.0,No check-in baggage included,3841
Jet Airways,2019-03-21,Banglore,New Delhi,08:55:00,16:10:00,435,1.0,In-flight meal not included,7832
Spicejet,2019-05-01,Kolkata,Banglore,06:55:00,09:30:00,155,0.0,No Info,3873
Air Asia,2019-06-24,Kolkata,Banglore,19:55:00,22:25:00,150,0.0,No Info,3807
Air India,2019-05-18,Delhi,Cochin,22:00:00,19:15:00,1275,2.0,No Info,11228
Spicejet,2019-03-03,Chennai,Kolkata,17:45:00,20:05:00,140,0.0,No Info,7298
Air India,2019-06-12,Delhi,Cochin,09:00:00,19:15:00,615,1.0,No Info,8372
Multiple Carriers,2019-06-01,Delhi,Cochin,07:30:00,19:00:00,690,1.0,No Info,11200
Jet Airways,2019-05-15,Kolkata,Banglore,20:25:00,10:55:00,870,1.0,No Info,14151
Indigo,2019-05-24,Banglore,Delhi,04:00:00,06:50:00,170,0.0,No Info,3943
Air Asia,2019-06-03,Kolkata,Banglore,10:20:00,12:55:00,155,0.0,No Info,4409
Spicejet,2019-04-15,Delhi,Cochin,15:45:00,22:05:00,380,1.0,No Info,5899
Vistara,2019-05-21,Kolkata,Banglore,07:10:00,18:50:00,700,1.0,No Info,9345
Spicejet,2019-06-12,Delhi,Cochin,08:45:00,13:15:00,270,1.0,No Info,5264
Jet Airways,2019-05-21,Kolkata,Banglore,20:00:00,04:40:00,520,1.0,In-flight meal not included,10844
Jet Airways,2019-03-24,Banglore,New Delhi,05:45:00,10:25:00,280,1.0,In-flight meal not included,8147
Jet Airways,2019-03-09,Delhi,Cochin,18:15:00,18:50:00,1475,1.0,In-flight meal not included,14053
Jet Airways,2019-06-01,Banglore,Delhi,06:00:00,08:45:00,165,0.0,In-flight meal not included,7229
Jet Airways,2019-03-27,Delhi,Cochin,11:30:00,18:50:00,440,1.0,No Info,12242
Multiple Carriers,2019-03-09,Delhi,Cochin,17:50:00,01:35:00,465,2.0,No Info,23583
Air India,2019-05-09,Delhi,Cochin,14:25:00,19:15:00,1730,2.0,No Info,13591
Jet Airways,2019-03-18,Banglore,New Delhi,08:00:00,15:15:00,435,1.0,No Info,12284
Air India,2019-05-12,Kolkata,Banglore,20:30:00,08:55:00,745,1.0,No Info,10203
Jet Airways,2019-05-27,Delhi,Cochin,19:15:00,19:00:00,1425,1.0,In-flight meal not included,12898
Multiple Carriers,2019-06-06,Delhi,Cochin,08:00:00,21:00:00,780,1.0,No Info,13587
Multiple Carriers,2019-03-03,Delhi,Cochin,13:55:00,21:00:00,425,1.0,No Info,17057
Spicejet,2019-03-06,Kolkata,Banglore,17:15:00,19:45:00,150,0.0,No Info,4622
Jet Airways,2019-05-24,Kolkata,Banglore,16:30:00,09:20:00,1010,1.0,In-flight meal not included,9663
Jet Airways,2019-03-21,Delhi,Cochin,18:15:00,04:25:00,610,1.0,No Info,12557
Spicejet,2019-04-21,Kolkata,Banglore,17:10:00,19:40:00,150,0.0,No check-in baggage included,4807
Vistara,2019-05-21,Kolkata,Banglore,07:10:00,10:45:00,1655,1.0,No Info,9187
Goair,2019-04-27,Delhi,Cochin,10:35:00,19:35:00,540,1.0,No Info,6922
Jet Airways,2019-03-09,Delhi,Cochin,15:05:00,18:50:00,1665,1.0,No Info,16289
Air India,2019-06-03,Delhi,Cochin,13:15:00,09:25:00,1210,2.0,No Info,10467
Jet Airways,2019-06-06,Delhi,Cochin,19:45:00,19:00:00,1395,1.0,In-flight meal not included,10262
Multiple Carriers,2019-06-06,Delhi,Cochin,11:40:00,21:00:00,560,1.0,No Info,7005
Jet Airways,2019-06-03,Delhi,Cochin,17:30:00,12:35:00,1145,1.0,In-flight meal not included,10262
Air India,2019-05-21,Mumbai,Hyderabad,21:05:00,22:25:00,80,0.0,No Info,3100
Multiple Carriers,2019-06-27,Delhi,Cochin,17:30:00,01:30:00,480,1.0,No Info,13377
Jet Airways,2019-05-15,Kolkata,Banglore,08:25:00,19:50:00,685,1.0,No Info,14781
Air India,2019-05-12,Kolkata,Banglore,20:45:00,23:20:00,155,0.0,No Info,4880
Multiple Carriers,2019-06-24,Delhi,Cochin,17:30:00,01:30:00,480,1.0,No Info,13377
Air India,2019-06-15,Delhi,Cochin,05:55:00,19:15:00,800,2.0,No Info,12646
Air India,2019-04-06,Delhi,Cochin,06:05:00,09:25:00,1640,1.0,No Info,4487
Indigo,2019-03-27,Chennai,Kolkata,22:05:00,00:25:00,140,0.0,No Info,5277
Goair,2019-04-01,Banglore,Delhi,20:55:00,23:40:00,165,0.0,No Info,4239
Air India,2019-05-18,Kolkata,Banglore,12:00:00,21:50:00,590,2.0,No Info,10151
Multiple Carriers,2019-05-15,Delhi,Cochin,19:00:00,01:30:00,390,1.0,No Info,8073
Indigo,2019-05-27,Chennai,Kolkata,22:05:00,00:25:00,140,0.0,No Info,5277
Indigo,2019-06-09,Kolkata,Banglore,15:15:00,20:30:00,315,1.0,No Info,5380
Jet Airways,2019-03-12,Banglore,New Delhi,20:35:00,23:00:00,1585,1.0,In-flight meal not included,11087
Jet Airways,2019-03-09,Delhi,Cochin,19:45:00,18:50:00,1385,1.0,No Info,16289
Indigo,2019-04-24,Delhi,Cochin,02:00:00,07:25:00,325,1.0,No Info,5636
Air India,2019-06-09,Kolkata,Banglore,14:15:00,16:45:00,150,0.0,No Info,6245
Air India,2019-03-12,Banglore,New Delhi,08:50:00,09:25:00,1475,2.0,No Info,12725
Spicejet,2019-05-15,Kolkata,Banglore,08:35:00,17:15:00,520,1.0,No Info,6381
Jet Airways,2019-06-24,Delhi,Cochin,20:55:00,19:00:00,1325,1.0,In-flight meal not included,10262
Indigo,2019-06-09,Banglore,Delhi,00:25:00,03:15:00,170,0.0,No Info,3943
Jet Airways,2019-04-01,Banglore,Delhi,06:00:00,08:45:00,165,0.0,In-flight meal not included,4544
Air India,2019-05-21,Banglore,Delhi,05:45:00,08:45:00,180,0.0,No Info,6961
Jet Airways,2019-03-18,Banglore,New Delhi,22:50:00,09:00:00,610,1.0,In-flight meal not included,11087
Indigo,2019-06-01,Delhi,Cochin,10:35:00,01:30:00,895,1.0,No Info,6206
Air India,2019-03-21,Banglore,New Delhi,11:50:00,13:00:00,1510,1.0,No Info,5092
Spicejet,2019-04-24,Banglore,Delhi,21:10:00,00:05:00,175,0.0,No check-in baggage included,3573
Jet Airways,2019-03-03,Delhi,Cochin,05:25:00,04:25:00,1380,2.0,No Info,18799
Goair,2019-06-06,Delhi,Cochin,14:25:00,19:35:00,310,1.0,No Info,7870
Indigo,2019-05-21,Delhi,Cochin,16:10:00,00:55:00,525,1.0,No Info,6778
Multiple Carriers,2019-03-09,Delhi,Cochin,06:00:00,19:45:00,825,1.0,No Info,13941
Air India,2019-06-06,Delhi,Cochin,10:00:00,19:15:00,555,1.0,No Info,9194
Indigo,2019-06-21,Mumbai,Hyderabad,06:25:00,07:55:00,90,0.0,No Info,4049
Jet Airways,2019-05-01,Kolkata,Banglore,16:30:00,12:00:00,1170,1.0,In-flight meal not included,9663
Jet Airways,2019-03-21,Banglore,New Delhi,21:25:00,11:25:00,840,1.0,In-flight meal not included,7832
Jet Airways,2019-06-24,Banglore,Delhi,11:10:00,14:05:00,175,0.0,In-flight meal not included,5769
Jet Airways,2019-04-18,Banglore,Delhi,17:45:00,20:45:00,180,0.0,No Info,7229
Vistara,2019-05-21,Chennai,Kolkata,07:05:00,09:20:00,135,0.0,No Info,3687
Indigo,2019-03-03,Banglore,New Delhi,13:40:00,18:35:00,295,1.0,No Info,8662
Spicejet,2019-05-09,Kolkata,Banglore,17:10:00,19:40:00,150,0.0,No check-in baggage included,3841
Jet Airways,2019-04-01,Kolkata,Banglore,16:30:00,23:35:00,425,1.0,In-flight meal not included,7064
Jet Airways,2019-03-12,Banglore,New Delhi,20:35:00,19:10:00,1355,1.0,In-flight meal not included,11087
Vistara,2019-06-06,Kolkata,Banglore,17:00:00,20:20:00,1640,1.0,No Info,8820
Multiple Carriers,2019-03-09,Delhi,Cochin,06:40:00,19:15:00,755,1.0,No Info,13082
Air India,2019-05-18,Kolkata,Banglore,17:30:00,20:25:00,1615,1.0,No Info,10623
Vistara,2019-05-12,Delhi,Cochin,14:40:00,17:50:00,190,0.0,No Info,6216
Jet Airways,2019-03-21,Banglore,New Delhi,11:40:00,23:00:00,680,1.0,In-flight meal not included,6992
Air India,2019-05-21,Delhi,Cochin,12:30:00,09:25:00,1255,1.0,No Info,7480
Air India,2019-05-18,Delhi,Cochin,17:20:00,09:25:00,965,1.0,No Info,7690
Multiple Carriers,2019-03-03,Delhi,Cochin,17:00:00,01:35:00,515,1.0,No Info,17073
Multiple Carriers,2019-05-18,Delhi,Cochin,04:55:00,19:15:00,860,1.0,No Info,7564
Vistara,2019-03-18,Delhi,Cochin,14:55:00,17:50:00,175,0.0,No Info,5586
Spicejet,2019-05-12,Mumbai,Hyderabad,05:45:00,07:15:00,90,0.0,No check-in baggage included,1965
Indigo,2019-06-24,Kolkata,Banglore,11:30:00,14:05:00,155,0.0,No Info,4804
Jet Airways,2019-06-01,Delhi,Cochin,07:05:00,12:35:00,330,1.0,No Info,16079
Indigo,2019-04-18,Banglore,Delhi,01:30:00,04:15:00,165,0.0,No Info,4591
Jet Airways,2019-06-06,Delhi,Cochin,14:35:00,04:25:00,830,2.0,No Info,13376
Vistara,2019-03-21,Banglore,New Delhi,21:10:00,00:05:00,175,0.0,No Info,4878
Indigo,2019-06-06,Chennai,Kolkata,05:15:00,07:40:00,145,0.0,No Info,3540
Indigo,2019-06-21,Mumbai,Hyderabad,19:05:00,20:35:00,90,0.0,No Info,4049
Air India,2019-06-06,Mumbai,Hyderabad,13:55:00,15:25:00,90,0.0,No Info,3625
Spicejet,2019-06-06,Kolkata,Banglore,09:00:00,11:25:00,145,0.0,No check-in baggage included,3841
Air India,2019-06-06,Banglore,Delhi,10:00:00,12:45:00,165,0.0,No Info,6961
Air India,2019-05-18,Kolkata,Banglore,20:45:00,23:20:00,155,0.0,No Info,4880
Jet Airways,2019-05-09,Mumbai,Hyderabad,02:55:00,04:20:00,85,0.0,In-flight meal not included,3210
Indigo,2019-05-09,Delhi,Cochin,02:00:00,07:25:00,325,1.0,No Info,6582
Jet Airways,2019-05-24,Kolkata,Banglore,08:25:00,18:15:00,590,1.0,No Info,14571
Air India,2019-05-27,Delhi,Cochin,05:15:00,19:15:00,2280,3.0,No Info,10493
Spicejet,2019-05-03,Kolkata,Banglore,17:10:00,19:40:00,150,0.0,No check-in baggage included,3841
Indigo,2019-05-09,Delhi,Cochin,06:50:00,16:10:00,560,1.0,No Info,6442
Air India,2019-03-01,Mumbai,Hyderabad,15:00:00,16:25:00,85,0.0,No Info,6092
Jet Airways,2019-05-18,Mumbai,Hyderabad,07:05:00,08:30:00,85,0.0,No Info,5678
Indigo,2019-05-12,Banglore,Delhi,06:05:00,08:50:00,165,0.0,No Info,4423
Vistara,2019-06-06,Banglore,Delhi,19:30:00,22:15:00,165,0.0,No Info,5088
Indigo,2019-06-15,Kolkata,Banglore,15:15:00,17:45:00,150,0.0,No Info,4804
Jet Airways,2019-06-12,Delhi,Cochin,14:35:00,04:25:00,830,2.0,In-flight meal not included,10919
Jet Airways,2019-06-06,Kolkata,Banglore,20:25:00,19:10:00,1365,1.0,No Info,14151
Indigo,2019-04-01,Banglore,Delhi,06:05:00,08:50:00,165,0.0,No Info,3943
Air India,2019-04-09,Delhi,Cochin,08:00:00,19:15:00,675,1.0,No Info,6377
Air India,2019-06-06,Kolkata,Banglore,16:50:00,11:10:00,1100,1.0,No Info,8366
Indigo,2019-06-12,Delhi,Cochin,07:35:00,16:10:00,515,1.0,No Info,6442
Multiple Carriers,2019-05-21,Delhi,Cochin,11:25:00,19:00:00,455,1.0,No Info,9103
Jet Airways,2019-06-06,Delhi,Cochin,14:00:00,19:00:00,300,1.0,No Info,14714
Air Asia,2019-06-06,Delhi,Cochin,16:45:00,07:10:00,865,1.0,No Info,11410
Air India,2019-05-18,Kolkata,Banglore,09:25:00,13:45:00,1700,2.0,No Info,13222
Jet Airways,2019-06-09,Kolkata,Banglore,09:35:00,21:05:00,690,1.0,In-flight meal not included,13994
Indigo,2019-06-03,Delhi,Cochin,21:50:00,03:35:00,345,1.0,No Info,7189
Air India,2019-04-01,Banglore,Delhi,21:05:00,23:55:00,170,0.0,No Info,4441
Multiple Carriers,2019-06-15,Delhi,Cochin,13:00:00,01:30:00,750,1.0,No Info,13377
Multiple Carriers,2019-06-24,Delhi,Cochin,08:30:00,19:00:00,630,1.0,No Info,10877
Indigo,2019-03-21,Delhi,Cochin,10:45:00,15:30:00,285,1.0,No Info,6218
Spicejet,2019-06-12,Banglore,Delhi,09:30:00,12:20:00,170,0.0,No check-in baggage included,4319
Indigo,2019-06-27,Kolkata,Banglore,15:15:00,17:45:00,150,0.0,No Info,4804
Jet Airways,2019-05-09,Delhi,Cochin,17:30:00,04:25:00,655,1.0,In-flight meal not included,12373
Air India,2019-05-27,Delhi,Cochin,03:50:00,19:15:00,925,1.0,No Info,9719
Jet Airways,2019-06-09,Kolkata,Banglore,20:25:00,22:05:00,1540,1.0,In-flight meal not included,10539
Spicejet,2019-06-01,Mumbai,Hyderabad,05:45:00,07:15:00,90,0.0,No Info,2753
Vistara,2019-04-01,Kolkata,Banglore,20:20:00,22:55:00,1595,1.0,No Info,7770
Jet Airways,2019-05-12,Kolkata,Banglore,06:30:00,18:15:00,705,1.0,No Info,14781
Multiple Carriers,2019-03-27,Delhi,Cochin,12:50:00,19:15:00,385,1.0,No Info,6953
Jet Airways,2019-05-12,Kolkata,Banglore,17:00:00,21:05:00,1685,1.0,In-flight meal not included,10703
Jet Airways,2019-06-12,Banglore,Delhi,17:45:00,20:45:00,180,0.0,In-flight meal not included,5769
Spicejet,2019-05-18,Kolkata,Banglore,15:55:00,21:25:00,330,1.0,No Info,8224
Jet Airways,2019-05-12,Mumbai,Hyderabad,19:35:00,21:05:00,90,0.0,No Info,5678
Air Asia,2019-05-09,Kolkata,Banglore,15:10:00,23:30:00,500,2.0,No Info,5192
Air Asia,2019-04-27,Kolkata,Banglore,19:55:00,22:25:00,150,0.0,No Info,4409
Jet Airways,2019-05-12,Kolkata,Banglore,08:25:00,19:50:00,685,1.0,In-flight meal not included,8586
Multiple Carriers,2019-03-21,Delhi,Cochin,08:00:00,15:30:00,450,1.0,No Info,8307
Indigo,2019-03-21,Chennai,Kolkata,19:35:00,21:55:00,140,0.0,No Info,3384
Air India,2019-05-09,Kolkata,Banglore,12:00:00,18:30:00,1830,2.0,No Info,9626
Spicejet,2019-05-12,Kolkata,Banglore,11:35:00,18:50:00,435,1.0,No Info,8479
Multiple Carriers,2019-03-27,Delhi,Cochin,11:40:00,19:15:00,455,1.0,No Info,6953
Indigo,2019-05-15,Banglore,Delhi,22:10:00,01:00:00,170,0.0,No Info,3419
Indigo,2019-03-21,Delhi,Cochin,09:10:00,15:30:00,380,1.0,No Info,9709
Jet Airways,2019-05-06,Mumbai,Hyderabad,07:05:00,08:30:00,85,0.0,No Info,8040
Air India,2019-06-12,Banglore,Delhi,10:00:00,12:45:00,165,0.0,No Info,6961
Air India,2019-06-24,Banglore,Delhi,21:05:00,23:55:00,170,0.0,No Info,6961
Jet Airways,2019-03-15,Banglore,New Delhi,08:55:00,16:10:00,435,1.0,In-flight meal not included,9134
Indigo,2019-03-24,Kolkata,Banglore,22:10:00,00:55:00,165,0.0,No Info,6985
Jet Airways,2019-06-03,Delhi,Cochin,17:30:00,04:25:00,655,1.0,In-flight meal not included,10262
Jet Airways,2019-05-01,Kolkata,Banglore,17:00:00,18:00:00,1500,1.0,No Info,11467
Multiple Carriers,2019-03-21,Delhi,Cochin,06:00:00,15:30:00,570,1.0,No Info,11269
Indigo,2019-03-09,Banglore,New Delhi,05:30:00,08:20:00,170,0.0,No Info,4777
Vistara,2019-03-15,Chennai,Kolkata,07:05:00,09:20:00,135,0.0,No Info,6627
Air India,2019-06-06,Kolkata,Banglore,09:25:00,18:30:00,545,1.0,No Info,8366
Spicejet,2019-03-03,Banglore,New Delhi,05:45:00,08:35:00,170,0.0,No Info,6860
Multiple Carriers,2019-03-27,Delhi,Cochin,06:00:00,19:15:00,795,1.0,No Info,8371
Jet Airways,2019-03-03,Delhi,Cochin,05:25:00,18:50:00,2245,2.0,No Info,18799
Vistara,2019-06-12,Chennai,Kolkata,17:45:00,20:05:00,140,0.0,No Info,11982
Air India,2019-06-24,Kolkata,Banglore,14:15:00,16:45:00,150,0.0,No Info,5510
Air India,2019-06-12,Kolkata,Banglore,17:30:00,13:45:00,1215,2.0,No Info,12224
Air India,2019-03-27,Delhi,Cochin,16:40:00,19:15:00,1595,2.0,No Info,8656
Multiple Carriers,2019-05-27,Delhi,Cochin,09:15:00,19:15:00,600,1.0,No Info,9149
Multiple Carriers,2019-03-03,Delhi,Cochin,04:00:00,11:30:00,450,1.0,No Info,14973
Indigo,2019-05-21,Delhi,Cochin,11:55:00,00:55:00,780,1.0,No Info,6282
Indigo,2019-05-09,Delhi,Cochin,23:30:00,04:35:00,305,1.0,No Info,8177
Air India,2019-05-18,Delhi,Cochin,10:55:00,07:40:00,1245,2.0,No Info,13486
Spicejet,2019-03-09,Chennai,Kolkata,08:20:00,10:35:00,135,0.0,No Info,6300
Jet Airways,2019-03-12,Banglore,New Delhi,05:45:00,12:15:00,390,1.0,No Info,17524
Jet Airways,2019-03-09,Delhi,Cochin,21:50:00,04:25:00,395,1.0,No Info,15029
Jet Airways,2019-06-06,Delhi,Cochin,11:45:00,04:25:00,1000,2.0,In-flight meal not included,11992
Multiple Carriers,2019-06-01,Delhi,Cochin,13:00:00,21:00:00,480,1.0,No Info,13587
Air India,2019-03-06,Mumbai,Hyderabad,10:00:00,23:45:00,825,1.0,No Info,11678
Multiple Carriers,2019-06-12,Delhi,Cochin,03:50:00,12:35:00,525,1.0,No Info,12192
Vistara,2019-05-18,Kolkata,Banglore,17:00:00,18:50:00,1550,1.0,No Info,9555
Air India,2019-03-06,Delhi,Cochin,06:50:00,07:40:00,1490,2.0,No Info,20416
Indigo,2019-06-15,Banglore,Delhi,08:30:00,11:20:00,170,0.0,No Info,4823
Multiple Carriers,2019-05-15,Delhi,Cochin,06:00:00,12:35:00,395,1.0,No Info,9794
Indigo,2019-05-24,Banglore,Delhi,21:15:00,00:15:00,180,0.0,No Info,3943
Goair,2019-05-24,Kolkata,Banglore,23:30:00,07:45:00,495,1.0,No Info,7335
Air Asia,2019-06-01,Banglore,Delhi,11:10:00,13:55:00,165,0.0,No Info,4483
Jet Airways,2019-03-24,Kolkata,Banglore,19:45:00,18:10:00,1345,1.0,In-flight meal not included,10031
Indigo,2019-06-15,Banglore,Delhi,13:00:00,15:50:00,170,0.0,No Info,3943
Spicejet,2019-03-15,Kolkata,Banglore,06:55:00,09:35:00,160,0.0,No check-in baggage included,3815
Goair,2019-06-09,Delhi,Cochin,07:00:00,12:55:00,355,1.0,No Info,5897
Air India,2019-04-24,Banglore,Delhi,17:00:00,19:45:00,165,0.0,No Info,6121
Jet Airways,2019-06-09,Kolkata,Banglore,09:35:00,21:05:00,690,1.0,No Info,14676
Indigo,2019-06-01,Delhi,Cochin,14:20:00,22:30:00,490,1.0,No Info,6938
Air India,2019-03-06,Delhi,Cochin,17:15:00,09:25:00,970,2.0,No Info,9417
Jet Airways,2019-05-21,Kolkata,Banglore,21:10:00,04:40:00,450,1.0,In-flight meal not included,8586
Jet Airways,2019-06-24,Delhi,Cochin,05:30:00,19:00:00,810,2.0,In-flight meal not included,10368
Multiple Carriers,2019-05-09,Delhi,Cochin,06:00:00,19:15:00,795,1.0,No Info,8266
Indigo,2019-06-15,Banglore,Delhi,23:30:00,02:20:00,170,0.0,No Info,4077
Multiple Carriers,2019-05-15,Delhi,Cochin,16:00:00,01:30:00,570,1.0,No Info,13727
Multiple Carriers,2019-06-03,Delhi,Cochin,10:20:00,19:00:00,520,1.0,No Info,11789
Spicejet,2019-04-18,Kolkata,Banglore,09:00:00,11:25:00,145,0.0,No Info,4174
Multiple Carriers,2019-05-18,Delhi,Cochin,08:45:00,19:15:00,630,1.0,No Info,8476
Air India,2019-03-01,Banglore,New Delhi,11:05:00,19:50:00,525,1.0,1 Long layover,14594
Jet Airways,2019-05-18,Delhi,Cochin,08:00:00,19:00:00,660,1.0,No Info,15554
Jet Airways,2019-04-01,Kolkata,Banglore,08:25:00,16:20:00,475,1.0,In-flight meal not included,7851
Jet Airways,2019-05-09,Delhi,Cochin,20:55:00,19:00:00,1325,1.0,In-flight meal not included,12373
Air Asia,2019-04-24,Banglore,Delhi,11:10:00,13:55:00,165,0.0,No Info,3383
Jet Airways,2019-05-01,Mumbai,Hyderabad,07:05:00,08:30:00,85,0.0,No Info,8040
Jet Airways,2019-05-06,Kolkata,Banglore,20:25:00,18:00:00,1295,1.0,In-flight meal not included,9314
Spicejet,2019-05-27,Kolkata,Banglore,09:00:00,11:25:00,145,0.0,No Info,3873
Air India,2019-03-09,Banglore,New Delhi,17:00:00,19:50:00,170,0.0,No Info,9481
Multiple Carriers,2019-06-12,Delhi,Cochin,08:00:00,19:15:00,675,1.0,No Info,15058
Indigo,2019-03-24,Banglore,New Delhi,01:30:00,04:15:00,165,0.0,No Info,4777
Jet Airways,2019-05-09,Kolkata,Banglore,09:35:00,09:45:00,1450,1.0,No Info,12121
Jet Airways,2019-06-27,Delhi,Cochin,20:00:00,04:25:00,505,2.0,No Info,16263
Jet Airways,2019-03-27,Delhi,Cochin,17:30:00,04:25:00,655,1.0,No Info,12242
Jet Airways,2019-05-01,Kolkata,Banglore,14:05:00,23:35:00,570,1.0,No Info,14781
Indigo,2019-06-01,Delhi,Cochin,16:10:00,22:30:00,380,1.0,No Info,6938
Jet Airways,2019-06-06,Delhi,Cochin,18:15:00,19:00:00,1485,1.0,No Info,14714
Jet Airways,2019-05-18,Delhi,Cochin,13:00:00,19:00:00,360,1.0,In-flight meal not included,12373
Indigo,2019-06-18,Delhi,Cochin,05:35:00,08:50:00,195,0.0,No Info,5000
Air India,2019-06-27,Banglore,Delhi,10:00:00,12:45:00,165,0.0,No Info,6961
Air India,2019-03-12,Mumbai,Hyderabad,01:35:00,14:50:00,795,2.0,No Info,9977
Spicejet,2019-06-09,Kolkata,Banglore,11:35:00,18:50:00,435,1.0,No Info,8479
Indigo,2019-06-09,Delhi,Cochin,10:35:00,01:30:00,895,1.0,No Info,6104
Air India,2019-05-21,Kolkata,Banglore,09:25:00,05:25:00,1200,2.0,No Info,14687
Air India,2019-06-03,Delhi,Cochin,20:40:00,09:25:00,765,1.0,No Info,7480
Multiple Carriers,2019-03-27,Delhi,Cochin,10:20:00,21:00:00,640,1.0,No Info,6637
Air Asia,2019-03-09,Banglore,New Delhi,05:50:00,08:40:00,170,0.0,No Info,7652
Multiple Carriers,2019-05-27,Delhi,Cochin,03:50:00,19:00:00,910,1.0,No Info,10197
Jet Airways,2019-05-09,Delhi,Cochin,09:40:00,12:35:00,1615,2.0,In-flight meal not included,13029
Spicejet,2019-05-27,Delhi,Cochin,06:05:00,11:20:00,315,1.0,No Info,6749
Spicejet,2019-03-24,Mumbai,Hyderabad,22:45:00,00:10:00,85,0.0,No check-in baggage included,2175
Spicejet,2019-05-27,Delhi,Cochin,08:45:00,13:15:00,270,1.0,No check-in baggage included,5158
Goair,2019-06-06,Banglore,Delhi,11:40:00,14:30:00,170,0.0,No Info,3898
Jet Airways,2019-05-09,Delhi,Cochin,19:15:00,19:00:00,1425,1.0,In-flight meal not included,12373
Vistara,2019-05-15,Banglore,Delhi,17:00:00,19:35:00,155,0.0,No Info,4878
Indigo,2019-03-24,Kolkata,Banglore,05:30:00,08:20:00,170,0.0,No Info,4778
Multiple Carriers,2019-06-01,Delhi,Cochin,08:00:00,19:15:00,675,1.0,No Info,16108
Air India,2019-03-21,Kolkata,Banglore,14:15:00,16:45:00,150,0.0,No Info,5170
Indigo,2019-06-15,Delhi,Cochin,16:00:00,21:00:00,300,1.0,No Info,6069
Spicejet,2019-03-18,Chennai,Kolkata,09:30:00,12:05:00,155,0.0,No check-in baggage included,3807
Air India,2019-03-15,Banglore,New Delhi,06:45:00,12:15:00,330,1.0,No Info,8714
Spicejet,2019-06-03,Chennai,Kolkata,09:45:00,12:00:00,135,0.0,No check-in baggage included,3859
Indigo,2019-03-03,Chennai,Kolkata,19:35:00,21:55:00,140,0.0,No Info,7295
Jet Airways,2019-06-09,Delhi,Cochin,19:15:00,12:35:00,1040,1.0,In-flight meal not included,10577
Spicejet,2019-03-06,Mumbai,Hyderabad,05:45:00,07:05:00,80,0.0,No Info,4129
Air India,2019-03-27,Delhi,Cochin,05:15:00,06:50:00,1535,1.0,No Info,7165
Jet Airways,2019-05-09,Kolkata,Banglore,06:30:00,04:40:00,1330,1.0,No Info,13941
Goair,2019-04-27,Delhi,Cochin,07:25:00,13:35:00,370,1.0,No Info,5140
Multiple Carriers,2019-03-27,Delhi,Cochin,09:00:00,18:50:00,590,1.0,No Info,11667
Jet Airways,2019-06-09,Kolkata,Banglore,09:35:00,22:05:00,750,1.0,In-flight meal not included,13994
Jet Airways,2019-04-01,Banglore,Delhi,15:15:00,18:10:00,175,0.0,No Info,7229
Jet Airways,2019-05-09,Delhi,Cochin,17:30:00,19:00:00,1530,1.0,In-flight meal not included,12373
Jet Airways,2019-05-01,Delhi,Cochin,23:05:00,04:25:00,1760,2.0,No Info,16704
Jet Airways,2019-05-27,Delhi,Cochin,14:00:00,04:25:00,865,1.0,In-flight meal not included,12898
Jet Airways,2019-05-12,Kolkata,Banglore,20:00:00,16:20:00,1220,1.0,In-flight meal not included,10844
Jet Airways,2019-03-18,Banglore,New Delhi,14:05:00,20:20:00,375,1.0,In-flight meal not included,11087
Spicejet,2019-05-18,Kolkata,Banglore,11:35:00,18:50:00,435,1.0,No Info,8479
Multiple Carriers,2019-05-21,Delhi,Cochin,14:55:00,00:55:00,600,1.0,No Info,6878
Jet Airways,2019-06-15,Delhi,Cochin,07:05:00,04:25:00,1280,1.0,In-flight meal not included,10262
Jet Airways,2019-03-12,Banglore,New Delhi,20:35:00,15:15:00,1120,1.0,In-flight meal not included,11087
Indigo,2019-04-06,Banglore,Delhi,10:10:00,13:00:00,170,0.0,No Info,4423
Air India,2019-03-01,Banglore,New Delhi,06:45:00,09:25:00,1600,2.0,2 Long layover,26480
Jet Airways,2019-06-12,Kolkata,Banglore,16:30:00,16:20:00,1430,1.0,No Info,13044
Jet Airways,2019-05-06,Kolkata,Banglore,17:00:00,18:00:00,1500,1.0,No Info,11467
Jet Airways,2019-05-21,Kolkata,Banglore,14:05:00,04:40:00,875,1.0,No Info,14388
Jet Airways,2019-04-06,Delhi,Cochin,07:05:00,12:35:00,330,1.0,In-flight meal not included,5406
Jet Airways,2019-05-24,Kolkata,Banglore,20:00:00,09:20:00,800,1.0,No Info,14571
Spicejet,2019-03-21,Chennai,Kolkata,09:30:00,12:05:00,155,0.0,No Info,3384
Jet Airways,2019-06-09,Kolkata,Banglore,08:25:00,16:20:00,475,1.0,No Info,14571
Indigo,2019-03-15,Banglore,New Delhi,07:30:00,12:20:00,290,1.0,No Info,6114
Vistara,2019-04-01,Kolkata,Banglore,07:10:00,10:45:00,1655,1.0,No Info,8505
Jet Airways,2019-03-06,Banglore,New Delhi,11:40:00,11:25:00,1425,1.0,No Info,17261
Air India,2019-04-18,Banglore,Delhi,13:20:00,16:10:00,170,0.0,No Info,6121
Jet Airways,2019-06-01,Delhi,Cochin,18:15:00,04:25:00,610,1.0,No Info,14714
Jet Airways,2019-06-09,Delhi,Cochin,19:15:00,04:25:00,550,1.0,In-flight meal not included,10577
Jet Airways,2019-03-03,Delhi,Cochin,08:00:00,18:50:00,650,1.0,No Info,17024
Goair,2019-06-01,Delhi,Cochin,07:00:00,12:55:00,355,1.0,No Info,5457
Jet Airways,2019-05-01,Delhi,Cochin,23:05:00,19:00:00,1195,2.0,No Info,15129
Jet Airways,2019-05-09,Mumbai,Hyderabad,02:55:00,04:20:00,85,0.0,No Info,5678
Goair,2019-06-03,Banglore,Delhi,11:40:00,14:30:00,170,0.0,No Info,3898
Indigo,2019-04-15,Delhi,Cochin,06:50:00,16:10:00,560,1.0,No Info,6442
Jet Airways,2019-05-18,Delhi,Cochin,17:30:00,04:25:00,655,1.0,In-flight meal not included,12373
Jet Airways,2019-03-03,Delhi,Cochin,11:30:00,18:50:00,440,1.0,No Info,18550
Indigo,2019-03-06,Delhi,Cochin,06:40:00,22:20:00,940,1.0,No Info,6442
Air India,2019-05-21,Delhi,Cochin,05:55:00,07:40:00,1545,2.0,No Info,11911
Air India,2019-05-12,Kolkata,Banglore,09:10:00,13:15:00,245,1.0,No Info,8996
Air India,2019-06-12,Delhi,Cochin,18:45:00,19:15:00,1470,2.0,No Info,11732
Spicejet,2019-06-09,Delhi,Cochin,17:55:00,22:50:00,295,1.0,No Info,5409
Vistara,2019-05-15,Chennai,Kolkata,17:45:00,20:05:00,140,0.0,No Info,11982
Air India,2019-03-18,Delhi,Cochin,14:10:00,17:10:00,180,0.0,No Info,5674
Multiple Carriers,2019-06-03,Delhi,Cochin,10:35:00,19:15:00,520,1.0,No Info,7354
Indigo,2019-03-06,Kolkata,Banglore,05:30:00,08:20:00,170,0.0,No Info,4778
Goair,2019-05-01,Delhi,Cochin,07:25:00,13:35:00,370,1.0,No Info,5842
Multiple Carriers,2019-06-24,Delhi,Cochin,13:15:00,22:30:00,555,1.0,No Info,8018
Jet Airways,2019-06-06,Kolkata,Banglore,20:00:00,19:50:00,1430,1.0,In-flight meal not included,10844
Goair,2019-04-01,Delhi,Cochin,07:25:00,13:35:00,370,1.0,No Info,4563
Indigo,2019-04-21,Banglore,Delhi,20:00:00,22:50:00,170,0.0,No Info,4823
Multiple Carriers,2019-03-21,Delhi,Cochin,08:00:00,21:00:00,780,1.0,No Info,6883
Jet Airways,2019-06-06,Kolkata,Banglore,20:00:00,09:20:00,800,1.0,No Info,14571
Indigo,2019-04-01,Kolkata,Banglore,04:40:00,07:15:00,155,0.0,No Info,4174
Air Asia,2019-06-06,Kolkata,Banglore,07:35:00,23:30:00,955,1.0,No Info,6810
Jet Airways,2019-03-01,Banglore,New Delhi,16:55:00,23:00:00,365,1.0,No Info,54826
Indigo,2019-06-27,Chennai,Kolkata,07:55:00,10:15:00,140,0.0,No Info,3850
Jet Airways,2019-05-12,Kolkata,Banglore,20:25:00,14:25:00,1080,1.0,No Info,13067
Multiple Carriers,2019-05-15,Delhi,Cochin,12:50:00,01:30:00,760,1.0,No Info,7670
Air Asia,2019-05-12,Banglore,Delhi,11:10:00,13:55:00,165,0.0,No Info,3383
Air India,2019-06-01,Banglore,Delhi,10:00:00,12:45:00,165,0.0,No Info,6961
Air Asia,2019-06-15,Kolkata,Banglore,10:20:00,12:55:00,155,0.0,No Info,4409
Vistara,2019-03-03,Banglore,New Delhi,07:00:00,09:40:00,160,0.0,No Info,8028
Jet Airways,2019-06-01,Delhi,Cochin,13:00:00,12:35:00,1415,1.0,In-flight meal not included,10262
Spicejet,2019-04-24,Banglore,Delhi,09:30:00,12:20:00,170,0.0,No Info,3971
Indigo,2019-04-06,Kolkata,Banglore,04:40:00,07:15:00,155,0.0,No Info,4174
Spicejet,2019-06-15,Kolkata,Banglore,06:55:00,09:30:00,155,0.0,No Info,3873
Jet Airways,2019-06-27,Delhi,Cochin,20:00:00,19:00:00,1380,2.0,No Info,14300
Jet Airways,2019-05-18,Banglore,Delhi,15:15:00,18:10:00,175,0.0,In-flight meal not included,4544
Air India,2019-05-24,Delhi,Cochin,07:00:00,19:15:00,735,1.0,No Info,9929
Air India,2019-06-27,Delhi,Cochin,12:55:00,19:15:00,1820,2.0,No Info,12646
Air India,2019-05-01,Delhi,Cochin,22:00:00,19:15:00,1275,2.0,No Info,11281
Indigo,2019-03-15,Banglore,New Delhi,04:00:00,06:50:00,170,0.0,No Info,5694
Air India,2019-03-27,Delhi,Cochin,05:00:00,19:15:00,2295,2.0,No Info,8026
Jet Airways,2019-04-03,Delhi,Cochin,14:00:00,19:00:00,300,1.0,In-flight meal not included,5177
Vistara,2019-06-24,Delhi,Cochin,14:40:00,17:50:00,190,0.0,No Info,6216
Spicejet,2019-03-24,Banglore,New Delhi,09:35:00,12:30:00,175,0.0,No check-in baggage included,6205
Multiple Carriers,2019-03-03,Delhi,Cochin,13:00:00,21:00:00,480,1.0,No Info,18286
Indigo,2019-06-06,Chennai,Kolkata,14:45:00,17:05:00,140,0.0,No Info,3597
Jet Airways,2019-06-12,Delhi,Cochin,11:00:00,14:15:00,195,0.0,No Info,9564
Jet Airways,2019-05-18,Delhi,Cochin,05:30:00,04:25:00,1375,2.0,In-flight meal not included,13029
